owner_repo,url,http_status,active,redirected,final_url,in_v1,in_v2
0xdorifto/NFTsWithBenefits,https://github.com/0xdorifto/NFTsWithBenefits,200,True,True,https://github.com/gastaofaria/NFTsWithBenefits,False,True
0xSteph/pentest-ai-agents,https://github.com/0xSteph/pentest-ai-agents,200,True,False,https://github.com/0xSteph/pentest-ai-agents,False,True
1810suman/Agri_Vision,https://github.com/1810suman/Agri_Vision,200,True,False,https://github.com/1810suman/Agri_Vision,False,True
335234131/agent-browser-mcp,https://github.com/335234131/agent-browser-mcp,200,True,False,https://github.com/335234131/agent-browser-mcp,False,True
a16z-infra/ai-town,https://github.com/a16z-infra/ai-town,200,True,False,https://github.com/a16z-infra/ai-town,True,True
AbdooMohamedd/Multi-Agent-YouTube-Summarizer-System,https://github.com/AbdooMohamedd/Multi-Agent-YouTube-Summarizer-System,200,True,False,https://github.com/AbdooMohamedd/Multi-Agent-YouTube-Summarizer-System,True,True
Abdulbasit110/candidate-screening-agent,https://github.com/Abdulbasit110/candidate-screening-agent,200,True,False,https://github.com/Abdulbasit110/candidate-screening-agent,False,True
abdulrabbt/subtitle-translation-agent,https://github.com/abdulrabbt/subtitle-translation-agent,200,True,False,https://github.com/abdulrabbt/subtitle-translation-agent,False,True
abelponce03/Hex-IA-2025,https://github.com/abelponce03/Hex-IA-2025,200,True,False,https://github.com/abelponce03/Hex-IA-2025,False,True
abhi-abhi86/disease-predictor,https://github.com/abhi-abhi86/disease-predictor,200,True,False,https://github.com/abhi-abhi86/disease-predictor,False,True
achalise/llm-experiments,https://github.com/achalise/llm-experiments,200,True,False,https://github.com/achalise/llm-experiments,False,True
affaan-m/ECC,https://github.com/affaan-m/ECC,200,True,False,https://github.com/affaan-m/ECC,True,True
ag2ai/ag2,https://github.com/ag2ai/ag2,200,True,False,https://github.com/ag2ai/ag2,True,True
Agent-Reach/Agent-Reach,https://github.com/Agent-Reach/Agent-Reach,404,False,False,,False,True
Agent-Threat-Rule/agent-threat-rules,https://github.com/Agent-Threat-Rule/agent-threat-rules,200,True,False,https://github.com/Agent-Threat-Rule/agent-threat-rules,False,True
AgentBudget/agentbudget,https://github.com/AgentBudget/agentbudget,200,True,False,https://github.com/AgentBudget/agentbudget,False,True
agentgateway/agentgateway,https://github.com/agentgateway/agentgateway,200,True,False,https://github.com/agentgateway/agentgateway,True,True
AgenticHealthAI/Awesome-AI-Agents-for-Healthcare,https://github.com/AgenticHealthAI/Awesome-AI-Agents-for-Healthcare,200,True,False,https://github.com/AgenticHealthAI/Awesome-AI-Agents-for-Healthcare,True,True
agentscope-ai/agentscope,https://github.com/agentscope-ai/agentscope,200,True,False,https://github.com/agentscope-ai/agentscope,True,True
agentscope-ai/QwenPaw,https://github.com/agentscope-ai/QwenPaw,200,True,False,https://github.com/agentscope-ai/QwenPaw,True,True
AgentTax/agenttax-agent,https://github.com/AgentTax/agenttax-agent,200,True,False,https://github.com/AgentTax/agenttax-agent,False,True
agentuniverse-ai/agentUniverse,https://github.com/agentuniverse-ai/agentUniverse,200,True,False,https://github.com/agentuniverse-ai/agentUniverse,True,True
agiresearch/ASB,https://github.com/agiresearch/ASB,200,True,False,https://github.com/agiresearch/ASB,False,True
agno-agi/agent-api,https://github.com/agno-agi/agent-api,200,True,False,https://github.com/agno-agi/agent-api,False,True
agno-agi/agno,https://github.com/agno-agi/agno,200,True,False,https://github.com/agno-agi/agno,True,True
agno-agi/phidata,https://github.com/agno-agi/phidata,200,True,False,https://github.com/agno-agi/phidata,False,True
ai-evos/agent-skills,https://github.com/ai-evos/agent-skills,200,True,False,https://github.com/ai-evos/agent-skills,False,True
ai-guide/ai-guide,https://github.com/ai-guide/ai-guide,404,False,False,,False,True
AI-Hub-Admin/HealthcareAgent,https://github.com/AI-Hub-Admin/HealthcareAgent,200,True,True,https://github.com/aiagenta2z/HealthcareAgent,True,True
AI-Hub-Admin/LawAgent,https://github.com/AI-Hub-Admin/LawAgent,200,True,True,https://github.com/aiagenta2z/LawAgent,True,True
ai-safety-institute/AgentHarm,https://github.com/ai-safety-institute/AgentHarm,404,False,False,,False,True
ai16z/eliza,https://github.com/ai16z/eliza,200,True,True,https://github.com/elizaOS/eliza,False,True
aiming-lab/AutoResearchClaw,https://github.com/aiming-lab/AutoResearchClaw,200,True,False,https://github.com/aiming-lab/AutoResearchClaw,True,True
aiwaves-cn/agents,https://github.com/aiwaves-cn/agents,200,True,False,https://github.com/aiwaves-cn/agents,True,True
ajhcs/healthcare-agents,https://github.com/ajhcs/healthcare-agents,200,True,False,https://github.com/ajhcs/healthcare-agents,False,True
AkshatBhat/Langflow-Customer-Support-Agent,https://github.com/AkshatBhat/Langflow-Customer-Support-Agent,200,True,False,https://github.com/AkshatBhat/Langflow-Customer-Support-Agent,True,True
AleksNeStu/ai-real-estate-assistant,https://github.com/AleksNeStu/ai-real-estate-assistant,200,True,False,https://github.com/AleksNeStu/ai-real-estate-assistant,True,True
alex-jb/orallexa-ai-trading-agent,https://github.com/alex-jb/orallexa-ai-trading-agent,200,True,False,https://github.com/alex-jb/orallexa-ai-trading-agent,True,True
Alibaba-NLP/DeepResearch,https://github.com/Alibaba-NLP/DeepResearch,200,True,False,https://github.com/Alibaba-NLP/DeepResearch,False,True
All-Hands-AI/OpenHands,https://github.com/All-Hands-AI/OpenHands,200,True,True,https://github.com/OpenHands/OpenHands,False,True
Allen091080/flashcard-maker,https://github.com/Allen091080/flashcard-maker,200,True,False,https://github.com/Allen091080/flashcard-maker,False,True
allenai/agent-baselines,https://github.com/allenai/agent-baselines,200,True,False,https://github.com/allenai/agent-baselines,True,True
allenai/asta-paper-finder,https://github.com/allenai/asta-paper-finder,200,True,False,https://github.com/allenai/asta-paper-finder,True,True
allenai/panda,https://github.com/allenai/panda,200,True,False,https://github.com/allenai/panda,True,True
allenai/super-benchmark,https://github.com/allenai/super-benchmark,200,True,False,https://github.com/allenai/super-benchmark,True,True
AlokTheDataGuy/Multi-Agent-Customer-Service-Chatbot,https://github.com/AlokTheDataGuy/Multi-Agent-Customer-Service-Chatbot,200,True,False,https://github.com/AlokTheDataGuy/Multi-Agent-Customer-Service-Chatbot,True,True
AlteraAI/GameBuddy,https://github.com/AlteraAI/GameBuddy,404,False,False,,True,True
amazon-science/AgentOccam,https://github.com/amazon-science/AgentOccam,200,True,False,https://github.com/amazon-science/AgentOccam,False,True
ana-biscalchin/ai-invoice-agent,https://github.com/ana-biscalchin/ai-invoice-agent,200,True,False,https://github.com/ana-biscalchin/ai-invoice-agent,False,True
andrewyng/translation-agent,https://github.com/andrewyng/translation-agent,200,True,False,https://github.com/andrewyng/translation-agent,True,True
AndSam321/Vet-U,https://github.com/AndSam321/Vet-U,200,True,False,https://github.com/AndSam321/Vet-U,False,True
aneeshbukya/EmpowerHR--AI-Powered-HR-Agents,https://github.com/aneeshbukya/EmpowerHR--AI-Powered-HR-Agents,200,True,False,https://github.com/aneeshbukya/EmpowerHR--AI-Powered-HR-Agents,True,True
aniket-work/claims-intel-agent,https://github.com/aniket-work/claims-intel-agent,200,True,False,https://github.com/aniket-work/claims-intel-agent,False,True
anil-matcha/open-generative-ai,https://github.com/anil-matcha/open-generative-ai,200,True,False,https://github.com/anil-matcha/open-generative-ai,True,True
apache/flink-agents,https://github.com/apache/flink-agents,200,True,False,https://github.com/apache/flink-agents,True,True
ArcadeAI/agentic-todo-app,https://github.com/ArcadeAI/agentic-todo-app,200,True,False,https://github.com/ArcadeAI/agentic-todo-app,False,True
ARCANGEL0/EVA,https://github.com/ARCANGEL0/EVA,200,True,False,https://github.com/ARCANGEL0/EVA,True,True
archanags001/AI-Report-Generator,https://github.com/archanags001/AI-Report-Generator,200,True,False,https://github.com/archanags001/AI-Report-Generator,False,True
Armur-Ai/Pentest-Swarm-AI,https://github.com/Armur-Ai/Pentest-Swarm-AI,200,True,False,https://github.com/Armur-Ai/Pentest-Swarm-AI,False,True
ashishpatel26/500-AI-Agents-Projects,https://github.com/ashishpatel26/500-AI-Agents-Projects,200,True,False,https://github.com/ashishpatel26/500-AI-Agents-Projects,True,True
Ashutosh0x/adk-bot,https://github.com/Ashutosh0x/adk-bot,200,True,False,https://github.com/Ashutosh0x/adk-bot,True,True
askbudi/tinyagent,https://github.com/askbudi/tinyagent,200,True,False,https://github.com/askbudi/tinyagent,True,True
askbudi/TinyCodeAgent,https://github.com/askbudi/TinyCodeAgent,200,True,False,https://github.com/askbudi/TinyCodeAgent,True,True
assafelovic/gpt-researcher,https://github.com/assafelovic/gpt-researcher,200,True,False,https://github.com/assafelovic/gpt-researcher,True,True
astron-agent/astron-agent,https://github.com/astron-agent/astron-agent,404,False,False,,False,True
at-amine/ai-onboarding-agent,https://github.com/at-amine/ai-onboarding-agent,200,True,False,https://github.com/at-amine/ai-onboarding-agent,False,True
atiyil/resume-agent-web,https://github.com/atiyil/resume-agent-web,200,True,False,https://github.com/atiyil/resume-agent-web,False,True
atstaeff/ai-agents,https://github.com/atstaeff/ai-agents,200,True,False,https://github.com/atstaeff/ai-agents,True,True
auliakd/AI-Enhanced-Research-Tools,https://github.com/auliakd/AI-Enhanced-Research-Tools,200,True,False,https://github.com/auliakd/AI-Enhanced-Research-Tools,False,True
automators-com/test-automation-agent,https://github.com/automators-com/test-automation-agent,200,True,False,https://github.com/automators-com/test-automation-agent,True,True
avivl/cloud-sre-agent,https://github.com/avivl/cloud-sre-agent,200,True,False,https://github.com/avivl/cloud-sre-agent,True,True
aws-samples/sample-agentic-insurance-claims-processing-eks,https://github.com/aws-samples/sample-agentic-insurance-claims-processing-eks,200,True,False,https://github.com/aws-samples/sample-agentic-insurance-claims-processing-eks,False,True
aws-samples/sample-bedrock-deep-researcher,https://github.com/aws-samples/sample-bedrock-deep-researcher,200,True,False,https://github.com/aws-samples/sample-bedrock-deep-researcher,True,True
aws-samples/sample-Dynamic-Text-to-SQL-with-Amazon-Bedrock-Agent,https://github.com/aws-samples/sample-Dynamic-Text-to-SQL-with-Amazon-Bedrock-Agent,200,True,False,https://github.com/aws-samples/sample-Dynamic-Text-to-SQL-with-Amazon-Bedrock-Agent,True,True
awslabs/agentcore-samples,https://github.com/awslabs/agentcore-samples,200,True,False,https://github.com/awslabs/agentcore-samples,True,True
awslabs/amazon-bedrock-agent-samples,https://github.com/awslabs/amazon-bedrock-agent-samples,200,True,False,https://github.com/awslabs/amazon-bedrock-agent-samples,True,True
awslabs/threat-designer,https://github.com/awslabs/threat-designer,200,True,False,https://github.com/awslabs/threat-designer,False,True
ayimdji/certification-prep-ai-agents,https://github.com/ayimdji/certification-prep-ai-agents,200,True,False,https://github.com/ayimdji/certification-prep-ai-agents,False,True
Azure/AI-Dev-Days-Hackathon,https://github.com/Azure/AI-Dev-Days-Hackathon,200,True,False,https://github.com/Azure/AI-Dev-Days-Hackathon,True,True
Azure/azure-ai-agents-labs,https://github.com/Azure/azure-ai-agents-labs,200,True,False,https://github.com/Azure/azure-ai-agents-labs,True,True
baloglu321/estate-agent,https://github.com/baloglu321/estate-agent,200,True,False,https://github.com/baloglu321/estate-agent,True,True
barcia/running-coach-skill,https://github.com/barcia/running-coach-skill,200,True,False,https://github.com/barcia/running-coach-skill,False,True
basnijholt/agent-cli,https://github.com/basnijholt/agent-cli,200,True,False,https://github.com/basnijholt/agent-cli,False,True
BennisonDevadoss/langgraph-scheduler-agent,https://github.com/BennisonDevadoss/langgraph-scheduler-agent,200,True,False,https://github.com/BennisonDevadoss/langgraph-scheduler-agent,True,True
BerriAI/litellm,https://github.com/BerriAI/litellm,200,True,False,https://github.com/BerriAI/litellm,False,True
BharathxD/ClaimeAI,https://github.com/BharathxD/ClaimeAI,200,True,False,https://github.com/BharathxD/ClaimeAI,False,True
bhaveshpatil093/TRIX-AI,https://github.com/bhaveshpatil093/TRIX-AI,200,True,False,https://github.com/bhaveshpatil093/TRIX-AI,False,True
bigph00t/hermescraft,https://github.com/bigph00t/hermescraft,200,True,False,https://github.com/bigph00t/hermescraft,True,True
Blackfrost-AI/agentguard-mcp,https://github.com/Blackfrost-AI/agentguard-mcp,200,True,False,https://github.com/Blackfrost-AI/agentguard-mcp,False,True
blacktwist/social-media-skills,https://github.com/blacktwist/social-media-skills,200,True,False,https://github.com/blacktwist/social-media-skills,False,True
Blaise-Shyaka/momo-expenses-langraph-ai-agent,https://github.com/Blaise-Shyaka/momo-expenses-langraph-ai-agent,200,True,False,https://github.com/Blaise-Shyaka/momo-expenses-langraph-ai-agent,False,True
Blattvorhang/Planning-Agent,https://github.com/Blattvorhang/Planning-Agent,200,True,False,https://github.com/Blattvorhang/Planning-Agent,True,True
BleeGleeWee/Voice-Based-Native-Language-Service-Agent-,https://github.com/BleeGleeWee/Voice-Based-Native-Language-Service-Agent-,200,True,False,https://github.com/BleeGleeWee/Voice-Based-Native-Language-Service-Agent-,False,True
blendsdk/git-commit-agent,https://github.com/blendsdk/git-commit-agent,200,True,False,https://github.com/blendsdk/git-commit-agent,False,True
block/goose,https://github.com/block/goose,200,True,True,https://github.com/aaif-goose/goose,True,True
browser-use/browser-harness,https://github.com/browser-use/browser-harness,200,True,False,https://github.com/browser-use/browser-harness,False,True
browser-use/browser-use,https://github.com/browser-use/browser-use,200,True,False,https://github.com/browser-use/browser-use,True,True
browser-use/web-ui,https://github.com/browser-use/web-ui,200,True,False,https://github.com/browser-use/web-ui,True,True
browserbase/stagehand,https://github.com/browserbase/stagehand,200,True,False,https://github.com/browserbase/stagehand,False,True
business-science/ai-data-science-team,https://github.com/business-science/ai-data-science-team,200,True,False,https://github.com/business-science/ai-data-science-team,True,True
buywhere/buywhere,https://github.com/buywhere/buywhere,200,True,False,https://github.com/buywhere/buywhere,False,True
bytedance/deer-flow,https://github.com/bytedance/deer-flow,200,True,False,https://github.com/bytedance/deer-flow,True,True
c5huracan/a1-agent-exploration,https://github.com/c5huracan/a1-agent-exploration,200,True,False,https://github.com/c5huracan/a1-agent-exploration,False,True
camel-ai/camel,https://github.com/camel-ai/camel,200,True,False,https://github.com/camel-ai/camel,True,True
camel-ai/owl,https://github.com/camel-ai/owl,200,True,False,https://github.com/camel-ai/owl,True,True
caramaschiHG/awesome-ai-agents-2026,https://github.com/caramaschiHG/awesome-ai-agents-2026,200,True,False,https://github.com/caramaschiHG/awesome-ai-agents-2026,False,True
carlossg/kubernetes-agent,https://github.com/carlossg/kubernetes-agent,200,True,False,https://github.com/carlossg/kubernetes-agent,False,True
carlyrichmond/travel-planner-ai-agent,https://github.com/carlyrichmond/travel-planner-ai-agent,200,True,False,https://github.com/carlyrichmond/travel-planner-ai-agent,False,True
CGCodes/MeetingMemo,https://github.com/CGCodes/MeetingMemo,404,False,False,,True,True
chainstacklabs/web3-ai-trading-agent,https://github.com/chainstacklabs/web3-ai-trading-agent,200,True,False,https://github.com/chainstacklabs/web3-ai-trading-agent,True,True
chapagainmanoj/ai-job-apply-agent,https://github.com/chapagainmanoj/ai-job-apply-agent,200,True,False,https://github.com/chapagainmanoj/ai-job-apply-agent,False,True
ChenWu98/agent-attack,https://github.com/ChenWu98/agent-attack,200,True,False,https://github.com/ChenWu98/agent-attack,False,True
chrislatimer/microagent,https://github.com/chrislatimer/microagent,200,True,False,https://github.com/chrislatimer/microagent,True,True
cirwel/unitares,https://github.com/cirwel/unitares,200,True,False,https://github.com/cirwel/unitares,False,True
cisco-ai-defense/skill-scanner,https://github.com/cisco-ai-defense/skill-scanner,200,True,False,https://github.com/cisco-ai-defense/skill-scanner,False,True
coasty-ai/open-computer-use,https://github.com/coasty-ai/open-computer-use,200,True,False,https://github.com/coasty-ai/open-computer-use,True,True
codeananda/fakt_ai,https://github.com/codeananda/fakt_ai,200,True,False,https://github.com/codeananda/fakt_ai,False,True
coleam00/ai-agents-masterclass,https://github.com/coleam00/ai-agents-masterclass,200,True,False,https://github.com/coleam00/ai-agents-masterclass,True,True
coleam00/Archon,https://github.com/coleam00/Archon,200,True,False,https://github.com/coleam00/Archon,False,True
colesmcintosh/social-media-agent-system,https://github.com/colesmcintosh/social-media-agent-system,200,True,False,https://github.com/colesmcintosh/social-media-agent-system,False,True
comet-ml/opik,https://github.com/comet-ml/opik,200,True,False,https://github.com/comet-ml/opik,False,True
ConardLi/easy-llm-cli,https://github.com/ConardLi/easy-llm-cli,200,True,False,https://github.com/ConardLi/easy-llm-cli,False,True
consilience-dev/consensia-news-agent,https://github.com/consilience-dev/consensia-news-agent,200,True,False,https://github.com/consilience-dev/consensia-news-agent,True,True
contains-studio/agents,https://github.com/contains-studio/agents,200,True,False,https://github.com/contains-studio/agents,True,True
crewaihello/hello-agents,https://github.com/crewaihello/hello-agents,404,False,False,,False,True
crewaiinc/crewai,https://github.com/crewaiinc/crewai,200,True,False,https://github.com/crewaiinc/crewai,True,True
crewAIInc/crewAI-cookbook,https://github.com/crewAIInc/crewAI-cookbook,404,False,False,,True,True
crewAIInc/crewAI-examples,https://github.com/crewAIInc/crewAI-examples,200,True,False,https://github.com/crewAIInc/crewAI-examples,True,True
crimeacs/translator_agent,https://github.com/crimeacs/translator_agent,200,True,False,https://github.com/crimeacs/translator_agent,True,True
Crossmint/delivery-agent,https://github.com/Crossmint/delivery-agent,200,True,False,https://github.com/Crossmint/delivery-agent,False,True
Crossmint/worldstore-agent,https://github.com/Crossmint/worldstore-agent,200,True,False,https://github.com/Crossmint/worldstore-agent,False,True
CrowdStrike/AI-Security-Agent,https://github.com/CrowdStrike/AI-Security-Agent,404,False,False,,True,True
cseHdz/Forward-Planning-Agent,https://github.com/cseHdz/Forward-Planning-Agent,200,True,False,https://github.com/cseHdz/Forward-Planning-Agent,True,True
CUHK-ARISE/GAMABench,https://github.com/CUHK-ARISE/GAMABench,200,True,False,https://github.com/CUHK-ARISE/GAMABench,False,True
CVxTz/document_ai_agents,https://github.com/CVxTz/document_ai_agents,200,True,False,https://github.com/CVxTz/document_ai_agents,False,True
Cyb3rWard0g/HF-Agents-Course-Notes,https://github.com/Cyb3rWard0g/HF-Agents-Course-Notes,200,True,False,https://github.com/Cyb3rWard0g/HF-Agents-Course-Notes,True,True
Cyberweasel777/agent-action-receipt-spec,https://github.com/Cyberweasel777/agent-action-receipt-spec,200,True,False,https://github.com/Cyberweasel777/agent-action-receipt-spec,False,True
Danau5tin/multi-agent-coding-system,https://github.com/Danau5tin/multi-agent-coding-system,200,True,False,https://github.com/Danau5tin/multi-agent-coding-system,True,True
daniel-debrun/LegalNexus,https://github.com/daniel-debrun/LegalNexus,200,True,False,https://github.com/daniel-debrun/LegalNexus,False,True
danieljpalmer/llm-analyst,https://github.com/danieljpalmer/llm-analyst,200,True,False,https://github.com/danieljpalmer/llm-analyst,False,True
danielrosehill/AI-Resume,https://github.com/danielrosehill/AI-Resume,200,True,False,https://github.com/danielrosehill/AI-Resume,True,True
datadrivenconstruction/DDC_Skills_for_AI_Agents_in_Construction,https://github.com/datadrivenconstruction/DDC_Skills_for_AI_Agents_in_Construction,200,True,False,https://github.com/datadrivenconstruction/DDC_Skills_for_AI_Agents_in_Construction,False,True
datakind/climate-change-assistant,https://github.com/datakind/climate-change-assistant,200,True,False,https://github.com/datakind/climate-change-assistant,False,True
DavidLMS/aphra,https://github.com/DavidLMS/aphra,200,True,False,https://github.com/DavidLMS/aphra,True,True
dcSpark/shinkai-local-ai-agents,https://github.com/dcSpark/shinkai-local-ai-agents,200,True,False,https://github.com/dcSpark/shinkai-local-ai-agents,False,True
deepset-ai/haystack,https://github.com/deepset-ai/haystack,200,True,False,https://github.com/deepset-ai/haystack,True,True
deepset-ai/haystack-cookbook,https://github.com/deepset-ai/haystack-cookbook,200,True,False,https://github.com/deepset-ai/haystack-cookbook,True,True
deng-ai-lab/RF-Agent,https://github.com/deng-ai-lab/RF-Agent,200,True,False,https://github.com/deng-ai-lab/RF-Agent,False,True
derek-opdee/subagent-example-script,https://github.com/derek-opdee/subagent-example-script,200,True,True,https://github.com/derek-codebridge/subagent-example-script,True,True
DevDizzle/galatiq-invoice-agent,https://github.com/DevDizzle/galatiq-invoice-agent,200,True,False,https://github.com/DevDizzle/galatiq-invoice-agent,False,True
dhruvldrp9/News_Agent,https://github.com/dhruvldrp9/News_Agent,200,True,False,https://github.com/dhruvldrp9/News_Agent,True,True
DhyeyR-007/Reinforcement-Learning-RL-vs-GPT-LLM-at-Chess-,https://github.com/DhyeyR-007/Reinforcement-Learning-RL-vs-GPT-LLM-at-Chess-,200,True,False,https://github.com/DhyeyR-007/Reinforcement-Learning-RL-vs-GPT-LLM-at-Chess-,False,True
divar-ir/ai-doc-gen,https://github.com/divar-ir/ai-doc-gen,200,True,False,https://github.com/divar-ir/ai-doc-gen,True,True
dominikcebula/aws-ai-bedrock-agentcore-shopping-agent,https://github.com/dominikcebula/aws-ai-bedrock-agentcore-shopping-agent,200,True,False,https://github.com/dominikcebula/aws-ai-bedrock-agentcore-shopping-agent,False,True
Doriandarko/kimi-writer,https://github.com/Doriandarko/kimi-writer,200,True,False,https://github.com/Doriandarko/kimi-writer,True,True
dsclca12/agent-teams,https://github.com/dsclca12/agent-teams,200,True,False,https://github.com/dsclca12/agent-teams,False,True
duolingo/slack-ai-agent,https://github.com/duolingo/slack-ai-agent,200,True,False,https://github.com/duolingo/slack-ai-agent,False,True
dyingpotato890/frame-ai,https://github.com/dyingpotato890/frame-ai,200,True,False,https://github.com/dyingpotato890/frame-ai,False,True
e2b-dev/awesome-ai-agents,https://github.com/e2b-dev/awesome-ai-agents,200,True,False,https://github.com/e2b-dev/awesome-ai-agents,True,True
ed-donner/agents,https://github.com/ed-donner/agents,200,True,False,https://github.com/ed-donner/agents,True,True
edilma/ai-blog-app,https://github.com/edilma/ai-blog-app,200,True,False,https://github.com/edilma/ai-blog-app,False,True
eduardomoacir/brazilian-invoice-ai-agent,https://github.com/eduardomoacir/brazilian-invoice-ai-agent,200,True,False,https://github.com/eduardomoacir/brazilian-invoice-ai-agent,False,True
Elan-Rubin/codefest_2025,https://github.com/Elan-Rubin/codefest_2025,200,True,True,https://github.com/Elan-Rubin/Ready-Set-Insure,False,True
em-llm/EM-LLM-model,https://github.com/em-llm/EM-LLM-model,200,True,False,https://github.com/em-llm/EM-LLM-model,False,True
Emarhnuel/Insurance-AI-agent,https://github.com/Emarhnuel/Insurance-AI-agent,200,True,False,https://github.com/Emarhnuel/Insurance-AI-agent,False,True
embodied-ai/embodied-agents,https://github.com/embodied-ai/embodied-agents,404,False,False,,True,True
enescingoz/awesome-n8n-templates,https://github.com/enescingoz/awesome-n8n-templates,200,True,False,https://github.com/enescingoz/awesome-n8n-templates,False,True
enola-dev/cooking-agent,https://github.com/enola-dev/cooking-agent,200,True,False,https://github.com/enola-dev/cooking-agent,False,True
ErfanMomeniii/chef-gpt,https://github.com/ErfanMomeniii/chef-gpt,200,True,False,https://github.com/ErfanMomeniii/chef-gpt,False,True
ERFFFFF/Music_Agent,https://github.com/ERFFFFF/Music_Agent,200,True,False,https://github.com/ERFFFFF/Music_Agent,True,True
escapeboy/agent-fleet-o,https://github.com/escapeboy/agent-fleet-o,200,True,False,https://github.com/escapeboy/agent-fleet-o,False,True
evolsb/claude-legal-skill,https://github.com/evolsb/claude-legal-skill,200,True,False,https://github.com/evolsb/claude-legal-skill,True,True
facebookresearch/MRQ,https://github.com/facebookresearch/MRQ,200,True,False,https://github.com/facebookresearch/MRQ,False,True
Farama-Foundation/PettingZoo,https://github.com/Farama-Foundation/PettingZoo,200,True,False,https://github.com/Farama-Foundation/PettingZoo,False,True
FayElhassan/AI-for-Sustainable-Agriculture,https://github.com/FayElhassan/AI-for-Sustainable-Agriculture,200,True,False,https://github.com/FayElhassan/AI-for-Sustainable-Agriculture,False,True
feilaz/AI_Powered_Math_Tutoring,https://github.com/feilaz/AI_Powered_Math_Tutoring,200,True,False,https://github.com/feilaz/AI_Powered_Math_Tutoring,True,True
felipejac/aigents_research,https://github.com/felipejac/aigents_research,200,True,False,https://github.com/felipejac/aigents_research,False,True
FelixNg1022/JobMatch-AI,https://github.com/FelixNg1022/JobMatch-AI,200,True,False,https://github.com/FelixNg1022/JobMatch-AI,False,True
firecrawl/firecrawl,https://github.com/firecrawl/firecrawl,200,True,False,https://github.com/firecrawl/firecrawl,True,True
firecrawl/web-agent,https://github.com/firecrawl/web-agent,200,True,False,https://github.com/firecrawl/web-agent,True,True
FLAIROx/JaxMARL,https://github.com/FLAIROx/JaxMARL,200,True,False,https://github.com/FLAIROx/JaxMARL,False,True
Fosowl/agenticSeek,https://github.com/Fosowl/agenticSeek,200,True,False,https://github.com/Fosowl/agenticSeek,True,True
FoundationAgents/MetaGPT,https://github.com/FoundationAgents/MetaGPT,200,True,False,https://github.com/FoundationAgents/MetaGPT,True,True
frdel/agent-zero,https://github.com/frdel/agent-zero,200,True,True,https://github.com/agent0ai/agent-zero,False,True
fugazi/test-automation-skills-agents,https://github.com/fugazi/test-automation-skills-agents,200,True,False,https://github.com/fugazi/test-automation-skills-agents,False,True
fuzzylabs/sre-agent,https://github.com/fuzzylabs/sre-agent,200,True,False,https://github.com/fuzzylabs/sre-agent,True,True
fxstein/ai-todo,https://github.com/fxstein/ai-todo,200,True,False,https://github.com/fxstein/ai-todo,False,True
gabrielmahia/mpesa-mcp,https://github.com/gabrielmahia/mpesa-mcp,200,True,False,https://github.com/gabrielmahia/mpesa-mcp,False,True
garylab/MakeMoneyWithAI,https://github.com/garylab/MakeMoneyWithAI,200,True,False,https://github.com/garylab/MakeMoneyWithAI,False,True
GDIAMEL/AI-POWERED-CROP-YIELD-PREDICTOR-FOR-SMALL-SCALE-FARMERS,https://github.com/GDIAMEL/AI-POWERED-CROP-YIELD-PREDICTOR-FOR-SMALL-SCALE-FARMERS,200,True,False,https://github.com/GDIAMEL/AI-POWERED-CROP-YIELD-PREDICTOR-FOR-SMALL-SCALE-FARMERS,False,True
geek-ai/MAgent,https://github.com/geek-ai/MAgent,200,True,False,https://github.com/geek-ai/MAgent,False,True
geekan/MetaGPT,https://github.com/geekan/MetaGPT,200,True,True,https://github.com/FoundationAgents/MetaGPT,True,True
GeminiLight/awesome-ai-llm4education,https://github.com/GeminiLight/awesome-ai-llm4education,200,True,False,https://github.com/GeminiLight/awesome-ai-llm4education,True,True
GenAI-Gurus/awesome-eu-ai-act,https://github.com/GenAI-Gurus/awesome-eu-ai-act,200,True,False,https://github.com/GenAI-Gurus/awesome-eu-ai-act,False,True
GH05TCREW/PentestAgent,https://github.com/GH05TCREW/PentestAgent,200,True,False,https://github.com/GH05TCREW/PentestAgent,True,True
gigamaster/ai-media-agent,https://github.com/gigamaster/ai-media-agent,200,True,False,https://github.com/gigamaster/ai-media-agent,False,True
GiovanniPasq/agentic-rag-for-dummies,https://github.com/GiovanniPasq/agentic-rag-for-dummies,200,True,False,https://github.com/GiovanniPasq/agentic-rag-for-dummies,True,True
git-ai-project/git-ai,https://github.com/git-ai-project/git-ai,200,True,False,https://github.com/git-ai-project/git-ai,False,True
git-disl/awesome-LLM-game-agent-papers,https://github.com/git-disl/awesome-LLM-game-agent-papers,200,True,False,https://github.com/git-disl/awesome-LLM-game-agent-papers,True,True
GoetzKohlberg/sidjua,https://github.com/GoetzKohlberg/sidjua,200,True,False,https://github.com/GoetzKohlberg/sidjua,False,True
GooeyAI/documentation,https://github.com/GooeyAI/documentation,200,True,True,https://github.com/GooeyAI/docs,False,True
google-agentic-commerse/agent-payments-protocol,https://github.com/google-agentic-commerse/agent-payments-protocol,404,False,False,,False,True
google-deepmind/lab,https://github.com/google-deepmind/lab,200,True,False,https://github.com/google-deepmind/lab,False,True
google-deepmind/meltingpot,https://github.com/google-deepmind/meltingpot,200,True,False,https://github.com/google-deepmind/meltingpot,False,True
google-deepmind/open_spiel,https://github.com/google-deepmind/open_spiel,200,True,False,https://github.com/google-deepmind/open_spiel,False,True
google-deepmind/scalable_agent,https://github.com/google-deepmind/scalable_agent,200,True,False,https://github.com/google-deepmind/scalable_agent,False,True
google-gemini/gemini-cli,https://github.com/google-gemini/gemini-cli,200,True,False,https://github.com/google-gemini/gemini-cli,True,True
google-research/google-research,https://github.com/google-research/google-research,200,True,False,https://github.com/google-research/google-research,False,True
google/adk-docs,https://github.com/google/adk-docs,200,True,False,https://github.com/google/adk-docs,True,True
google/genai-toolbox,https://github.com/google/genai-toolbox,404,False,False,,False,True
grupa-ai/agent-mcp,https://github.com/grupa-ai/agent-mcp,200,True,False,https://github.com/grupa-ai/agent-mcp,False,True
h2oai/h2oai-flood-intelligence-agent,https://github.com/h2oai/h2oai-flood-intelligence-agent,200,True,False,https://github.com/h2oai/h2oai-flood-intelligence-agent,False,True
haasonsaas/email-agent,https://github.com/haasonsaas/email-agent,200,True,False,https://github.com/haasonsaas/email-agent,True,True
Hamid-Rezaei/Berkeley-AI-Projects,https://github.com/Hamid-Rezaei/Berkeley-AI-Projects,200,True,False,https://github.com/Hamid-Rezaei/Berkeley-AI-Projects,False,True
hamyxyz/blog,https://github.com/hamyxyz/blog,404,False,False,,True,True
hanglearning/ucb-pacman-multiagent-reinforcement,https://github.com/hanglearning/ucb-pacman-multiagent-reinforcement,200,True,False,https://github.com/hanglearning/ucb-pacman-multiagent-reinforcement,False,True
haroon-sajid/resume-screening-app,https://github.com/haroon-sajid/resume-screening-app,200,True,False,https://github.com/haroon-sajid/resume-screening-app,True,True
harshmriduhash/Social-Media-AI-Agent,https://github.com/harshmriduhash/Social-Media-AI-Agent,200,True,False,https://github.com/harshmriduhash/Social-Media-AI-Agent,False,True
hashgraph-online/awesome-ai-plugins,https://github.com/hashgraph-online/awesome-ai-plugins,200,True,False,https://github.com/hashgraph-online/awesome-ai-plugins,False,True
HeadyZhang/agent-audit,https://github.com/HeadyZhang/agent-audit,200,True,False,https://github.com/HeadyZhang/agent-audit,False,True
hgky95/smart-caption-ai,https://github.com/hgky95/smart-caption-ai,200,True,False,https://github.com/hgky95/smart-caption-ai,False,True
higress-group/higress-report-agent,https://github.com/higress-group/higress-report-agent,200,True,False,https://github.com/higress-group/higress-report-agent,False,True
hilkoc/AI_Arena,https://github.com/hilkoc/AI_Arena,200,True,False,https://github.com/hilkoc/AI_Arena,True,True
hima12-awny/documentation-chat-agent,https://github.com/hima12-awny/documentation-chat-agent,200,True,False,https://github.com/hima12-awny/documentation-chat-agent,True,True
hkjarral/AVA-AI-Voice-Agent-for-Asterisk,https://github.com/hkjarral/AVA-AI-Voice-Agent-for-Asterisk,200,True,False,https://github.com/hkjarral/AVA-AI-Voice-Agent-for-Asterisk,False,True
hku-daga/AI-Powered-Medical-Diagnosis,https://github.com/hku-daga/AI-Powered-Medical-Diagnosis,404,False,False,,True,True
HKU-DS/DeepInnovator,https://github.com/HKU-DS/DeepInnovator,404,False,False,,False,True
HKUDS/AI-Researcher,https://github.com/HKUDS/AI-Researcher,200,True,False,https://github.com/HKUDS/AI-Researcher,True,True
HKUDS/Auto-Deep-Research,https://github.com/HKUDS/Auto-Deep-Research,200,True,False,https://github.com/HKUDS/Auto-Deep-Research,False,True
HKUDS/DeepInnovator,https://github.com/HKUDS/DeepInnovator,200,True,False,https://github.com/HKUDS/DeepInnovator,False,True
HKUDS/DeepTutor,https://github.com/HKUDS/DeepTutor,200,True,False,https://github.com/HKUDS/DeepTutor,True,True
HKUDS/VideoAgent,https://github.com/HKUDS/VideoAgent,200,True,False,https://github.com/HKUDS/VideoAgent,True,True
hmshb/scraping-agent-ai,https://github.com/hmshb/scraping-agent-ai,200,True,False,https://github.com/hmshb/scraping-agent-ai,True,True
Hoar012/Awesome-Multimodal-Embodied-AI,https://github.com/Hoar012/Awesome-Multimodal-Embodied-AI,200,True,False,https://github.com/Hoar012/Awesome-Multimodal-Embodied-AI,True,True
hsiangwei0903/SpatialAgent,https://github.com/hsiangwei0903/SpatialAgent,200,True,False,https://github.com/hsiangwei0903/SpatialAgent,False,True
hspark1212/synthesis-agent,https://github.com/hspark1212/synthesis-agent,200,True,False,https://github.com/hspark1212/synthesis-agent,False,True
huabeitech/agent-desk,https://github.com/huabeitech/agent-desk,200,True,False,https://github.com/huabeitech/agent-desk,False,True
huggingface/agents-course,https://github.com/huggingface/agents-course,200,True,False,https://github.com/huggingface/agents-course,True,True
huggingface/hf-agents,https://github.com/huggingface/hf-agents,200,True,False,https://github.com/huggingface/hf-agents,True,True
huggingface/smolagents,https://github.com/huggingface/smolagents,200,True,False,https://github.com/huggingface/smolagents,True,True
humanlayer/humanlayer,https://github.com/humanlayer/humanlayer,200,True,False,https://github.com/humanlayer/humanlayer,False,True
HySonLab/FactAgent,https://github.com/HySonLab/FactAgent,200,True,False,https://github.com/HySonLab/FactAgent,False,True
IAmUnbounded/fake-news-detector-agent,https://github.com/IAmUnbounded/fake-news-detector-agent,200,True,False,https://github.com/IAmUnbounded/fake-news-detector-agent,False,True
ibm-customer-service/ai-agent-toolkit,https://github.com/ibm-customer-service/ai-agent-toolkit,404,False,False,,True,True
IBM/Agentics,https://github.com/IBM/Agentics,200,True,False,https://github.com/IBM/Agentics,True,True
icip-cas/PPTAgent,https://github.com/icip-cas/PPTAgent,200,True,False,https://github.com/icip-cas/PPTAgent,False,True
igotbitchesallongmydickneveryday/genai-security-agent-capstone-2025,https://github.com/igotbitchesallongmydickneveryday/genai-security-agent-capstone-2025,200,True,False,https://github.com/igotbitchesallongmydickneveryday/genai-security-agent-capstone-2025,False,True
imanoop7/AI-Agents-as-Personal-Trainers--Customizing-Fitness-Routines-with-LLMs,https://github.com/imanoop7/AI-Agents-as-Personal-Trainers--Customizing-Fitness-Routines-with-LLMs,200,True,False,https://github.com/imanoop7/AI-Agents-as-Personal-Trainers--Customizing-Fitness-Routines-with-LLMs,False,True
InboraStudio/Subtitle-Generator-AI,https://github.com/InboraStudio/Subtitle-Generator-AI,200,True,False,https://github.com/InboraStudio/Subtitle-Generator-AI,False,True
indcoder/agentcamp-workshop-langchain,https://github.com/indcoder/agentcamp-workshop-langchain,200,True,False,https://github.com/indcoder/agentcamp-workshop-langchain,False,True
infiniflow/ragflow,https://github.com/infiniflow/ragflow,200,True,False,https://github.com/infiniflow/ragflow,True,True
innovatewithkishlay/AI-BASED_PET_HEALTH_ASSISTANCE_SYSTEM,https://github.com/innovatewithkishlay/AI-BASED_PET_HEALTH_ASSISTANCE_SYSTEM,200,True,False,https://github.com/innovatewithkishlay/AI-BASED_PET_HEALTH_ASSISTANCE_SYSTEM,False,True
instadeepai/Mava,https://github.com/instadeepai/Mava,200,True,False,https://github.com/instadeepai/Mava,False,True
InternLM/WildClawBench,https://github.com/InternLM/WildClawBench,200,True,False,https://github.com/InternLM/WildClawBench,True,True
ishandutta2007/Awesome-Powerpoint-AI-Agents,https://github.com/ishandutta2007/Awesome-Powerpoint-AI-Agents,200,True,False,https://github.com/ishandutta2007/Awesome-Powerpoint-AI-Agents,True,True
ishenli/investment-agent,https://github.com/ishenli/investment-agent,200,True,False,https://github.com/ishenli/investment-agent,False,True
itallstartedwithaidea/writing-agent,https://github.com/itallstartedwithaidea/writing-agent,200,True,False,https://github.com/itallstartedwithaidea/writing-agent,False,True
its403/SpotifyAgent,https://github.com/its403/SpotifyAgent,200,True,False,https://github.com/its403/SpotifyAgent,True,True
ivebotunac/PrimoAgent,https://github.com/ivebotunac/PrimoAgent,200,True,False,https://github.com/ivebotunac/PrimoAgent,True,True
janimiyarj/AI-tax-agent,https://github.com/janimiyarj/AI-tax-agent,200,True,False,https://github.com/janimiyarj/AI-tax-agent,False,True
janvanwassenhove/MusicAgent,https://github.com/janvanwassenhove/MusicAgent,200,True,False,https://github.com/janvanwassenhove/MusicAgent,True,True
jason8745/llm-kaggle-agent,https://github.com/jason8745/llm-kaggle-agent,200,True,False,https://github.com/jason8745/llm-kaggle-agent,False,True
javiramos1/recipe-agent,https://github.com/javiramos1/recipe-agent,200,True,False,https://github.com/javiramos1/recipe-agent,False,True
jawwad-ali/ai-customer-support-agent,https://github.com/jawwad-ali/ai-customer-support-agent,200,True,False,https://github.com/jawwad-ali/ai-customer-support-agent,True,True
jaychempan/Agent-Skills-Leaderboard,https://github.com/jaychempan/Agent-Skills-Leaderboard,200,True,True,https://github.com/jaychempan/Agent-Leaderboard,True,True
JayeshCC/Aiwork,https://github.com/JayeshCC/Aiwork,200,True,False,https://github.com/JayeshCC/Aiwork,False,True
Jenqyang/Awesome-AI-Agents,https://github.com/Jenqyang/Awesome-AI-Agents,200,True,False,https://github.com/Jenqyang/Awesome-AI-Agents,True,True
Jeomon/Plan-Agent-with-Meta-Agent,https://github.com/Jeomon/Plan-Agent-with-Meta-Agent,200,True,False,https://github.com/Jeomon/Plan-Agent-with-Meta-Agent,False,True
Jerick97/mcp-arena,https://github.com/Jerick97/mcp-arena,200,True,False,https://github.com/Jerick97/mcp-arena,False,True
jhzhu89/kubernetes-ai-ops-agent,https://github.com/jhzhu89/kubernetes-ai-ops-agent,200,True,False,https://github.com/jhzhu89/kubernetes-ai-ops-agent,False,True
jnMetaCode/agency-agents-ko,https://github.com/jnMetaCode/agency-agents-ko,200,True,False,https://github.com/jnMetaCode/agency-agents-ko,False,True
jnMetaCode/agency-agents-pt-BR,https://github.com/jnMetaCode/agency-agents-pt-BR,200,True,False,https://github.com/jnMetaCode/agency-agents-pt-BR,False,True
jnMetaCode/agency-agents-zh,https://github.com/jnMetaCode/agency-agents-zh,200,True,False,https://github.com/jnMetaCode/agency-agents-zh,False,True
Joe-Heffer/trainer,https://github.com/Joe-Heffer/trainer,200,True,False,https://github.com/Joe-Heffer/trainer,False,True
johan-kallstrom/frozen-lake-experiment,https://github.com/johan-kallstrom/frozen-lake-experiment,200,True,False,https://github.com/johan-kallstrom/frozen-lake-experiment,False,True
JohnNguyen070595/Spring-roll-AI-agent,https://github.com/JohnNguyen070595/Spring-roll-AI-agent,200,True,False,https://github.com/JohnNguyen070595/Spring-roll-AI-agent,False,True
joonspk-research/genagents,https://github.com/joonspk-research/genagents,200,True,True,https://github.com/StanfordHCI/genagents,False,True
JoshPhDemo/Robotics-Agent-Suite,https://github.com/JoshPhDemo/Robotics-Agent-Suite,404,False,False,,True,True
JoshuaLevi/DemoSolar,https://github.com/JoshuaLevi/DemoSolar,200,True,False,https://github.com/JoshuaLevi/DemoSolar,False,True
jtwirly/smarthomeagent,https://github.com/jtwirly/smarthomeagent,200,True,False,https://github.com/jtwirly/smarthomeagent,False,True
juliusz-cwiakalski/agentic-delivery-os,https://github.com/juliusz-cwiakalski/agentic-delivery-os,200,True,False,https://github.com/juliusz-cwiakalski/agentic-delivery-os,False,True
JunyIIIChen/working_schedule,https://github.com/JunyIIIChen/working_schedule,200,True,False,https://github.com/JunyIIIChen/working_schedule,False,True
jwojci/budget-agent,https://github.com/jwojci/budget-agent,200,True,False,https://github.com/jwojci/budget-agent,False,True
kabir12345/Agent-Experiments,https://github.com/kabir12345/Agent-Experiments,200,True,False,https://github.com/kabir12345/Agent-Experiments,True,True
Kaos599/PropertyLoop,https://github.com/Kaos599/PropertyLoop,200,True,False,https://github.com/Kaos599/PropertyLoop,True,True
karpathy/autoresearch,https://github.com/karpathy/autoresearch,200,True,False,https://github.com/karpathy/autoresearch,True,True
kartikmahajan5688/ai-mental-health-assistant,https://github.com/kartikmahajan5688/ai-mental-health-assistant,200,True,False,https://github.com/kartikmahajan5688/ai-mental-health-assistant,False,True
KatherLab/LLM-Scheduler,https://github.com/KatherLab/LLM-Scheduler,200,True,False,https://github.com/KatherLab/LLM-Scheduler,False,True
kaungkhantjc/pay-id-ai-agent,https://github.com/kaungkhantjc/pay-id-ai-agent,200,True,False,https://github.com/kaungkhantjc/pay-id-ai-agent,False,True
kedar-patil-engineer/ai_red_team_range,https://github.com/kedar-patil-engineer/ai_red_team_range,200,True,False,https://github.com/kedar-patil-engineer/ai_red_team_range,False,True
KeepALifeUS/autonomous-agents,https://github.com/KeepALifeUS/autonomous-agents,200,True,False,https://github.com/KeepALifeUS/autonomous-agents,True,True
Keerthivasan-Venkitajalam/Call-Automation,https://github.com/Keerthivasan-Venkitajalam/Call-Automation,200,True,False,https://github.com/Keerthivasan-Venkitajalam/Call-Automation,False,True
KhaledYaish0/agentic-email-agent,https://github.com/KhaledYaish0/agentic-email-agent,200,True,False,https://github.com/KhaledYaish0/agentic-email-agent,False,True
KhalilMrini/Agent-Testing-Agent,https://github.com/KhalilMrini/Agent-Testing-Agent,200,True,False,https://github.com/KhalilMrini/Agent-Testing-Agent,True,True
KhushalKarim/flood-forecasting-agent,https://github.com/KhushalKarim/flood-forecasting-agent,200,True,False,https://github.com/KhushalKarim/flood-forecasting-agent,False,True
kingabzpro/Multi-Agent-Research-Assistant,https://github.com/kingabzpro/Multi-Agent-Research-Assistant,200,True,False,https://github.com/kingabzpro/Multi-Agent-Research-Assistant,True,True
Klaudiusz321/social-media-agents,https://github.com/Klaudiusz321/social-media-agents,200,True,False,https://github.com/Klaudiusz321/social-media-agents,False,True
kodustech/awesome-agent-skills,https://github.com/kodustech/awesome-agent-skills,200,True,False,https://github.com/kodustech/awesome-agent-skills,True,True
kooperchap/zhiwei-ecommerce-cs-agent,https://github.com/kooperchap/zhiwei-ecommerce-cs-agent,200,True,False,https://github.com/kooperchap/zhiwei-ecommerce-cs-agent,True,True
kota-kawa/Scheduler-Agent,https://github.com/kota-kawa/Scheduler-Agent,200,True,False,https://github.com/kota-kawa/Scheduler-Agent,False,True
KwaiVGI/LivePortrait,https://github.com/KwaiVGI/LivePortrait,200,True,True,https://github.com/KlingAIResearch/LivePortrait,True,True
KyaniteLabs/mcp-video,https://github.com/KyaniteLabs/mcp-video,200,True,False,https://github.com/KyaniteLabs/mcp-video,True,True
kyegomez/SIMA,https://github.com/kyegomez/SIMA,200,True,False,https://github.com/kyegomez/SIMA,False,True
kyegomez/swarms,https://github.com/kyegomez/swarms,200,True,False,https://github.com/kyegomez/swarms,True,True
Lakshmipavithrayemireddy/sustainable-farming-ai,https://github.com/Lakshmipavithrayemireddy/sustainable-farming-ai,200,True,False,https://github.com/Lakshmipavithrayemireddy/sustainable-farming-ai,False,True
langchain-ai/agentevals,https://github.com/langchain-ai/agentevals,200,True,False,https://github.com/langchain-ai/agentevals,True,True
langchain-ai/langchain,https://github.com/langchain-ai/langchain,200,True,False,https://github.com/langchain-ai/langchain,True,True
langchain-ai/langgraph,https://github.com/langchain-ai/langgraph,200,True,False,https://github.com/langchain-ai/langgraph,True,True
langchain-ai/open-swe,https://github.com/langchain-ai/open-swe,200,True,False,https://github.com/langchain-ai/open-swe,False,True
langchain-ai/social-media-agent,https://github.com/langchain-ai/social-media-agent,200,True,False,https://github.com/langchain-ai/social-media-agent,False,True
langflow-org/langflow,https://github.com/langflow-org/langflow,404,False,False,,True,True
langgenius/dify,https://github.com/langgenius/dify,200,True,False,https://github.com/langgenius/dify,True,True
langwatch/cooking-agent,https://github.com/langwatch/cooking-agent,200,True,False,https://github.com/langwatch/cooking-agent,False,True
lastmile-ai/mcp-agent,https://github.com/lastmile-ai/mcp-agent,200,True,False,https://github.com/lastmile-ai/mcp-agent,False,True
laszukdawid/terminal-agent,https://github.com/laszukdawid/terminal-agent,200,True,False,https://github.com/laszukdawid/terminal-agent,False,True
learningwithmachines/planning-agent,https://github.com/learningwithmachines/planning-agent,200,True,False,https://github.com/learningwithmachines/planning-agent,True,True
LeeWu-Agents/ai-onboarding-agent,https://github.com/LeeWu-Agents/ai-onboarding-agent,200,True,False,https://github.com/LeeWu-Agents/ai-onboarding-agent,False,True
leng-2024/agent-with-mcp,https://github.com/leng-2024/agent-with-mcp,200,True,False,https://github.com/leng-2024/agent-with-mcp,True,True
leon-ai/leon,https://github.com/leon-ai/leon,200,True,False,https://github.com/leon-ai/leon,True,True
letta-ai/agent-file,https://github.com/letta-ai/agent-file,200,True,False,https://github.com/letta-ai/agent-file,True,True
letta-ai/letta,https://github.com/letta-ai/letta,200,True,False,https://github.com/letta-ai/letta,True,True
LGDiMaggio/predictive-maintenance-mcp,https://github.com/LGDiMaggio/predictive-maintenance-mcp,200,True,False,https://github.com/LGDiMaggio/predictive-maintenance-mcp,False,True
lightlifedev/Meeting-Room-Booking-AI-Agent,https://github.com/lightlifedev/Meeting-Room-Booking-AI-Agent,200,True,False,https://github.com/lightlifedev/Meeting-Room-Booking-AI-Agent,True,True
LiteLLM-Labs/litellm-agent-platform,https://github.com/LiteLLM-Labs/litellm-agent-platform,200,True,False,https://github.com/LiteLLM-Labs/litellm-agent-platform,False,True
livekit/agents,https://github.com/livekit/agents,200,True,False,https://github.com/livekit/agents,True,True
LivXue/open-email-agent,https://github.com/LivXue/open-email-agent,200,True,False,https://github.com/LivXue/open-email-agent,True,True
LlenRotse/ACC-Collab,https://github.com/LlenRotse/ACC-Collab,200,True,False,https://github.com/LlenRotse/ACC-Collab,False,True
loglux/SQLAIAgent-Ollama,https://github.com/loglux/SQLAIAgent-Ollama,200,True,False,https://github.com/loglux/SQLAIAgent-Ollama,False,True
LTIM-Digital-Engineering/PR-Review-Agent,https://github.com/LTIM-Digital-Engineering/PR-Review-Agent,404,False,False,,True,True
lucasboscatti/sales-ai-agent-langgraph,https://github.com/lucasboscatti/sales-ai-agent-langgraph,200,True,False,https://github.com/lucasboscatti/sales-ai-agent-langgraph,False,True
Lumiwealth/lumibot,https://github.com/Lumiwealth/lumibot,200,True,False,https://github.com/Lumiwealth/lumibot,True,True
LXXXXR/ExpoComm,https://github.com/LXXXXR/ExpoComm,200,True,False,https://github.com/LXXXXR/ExpoComm,False,True
M4riaLoureiro/ethical-travel-recommender,https://github.com/M4riaLoureiro/ethical-travel-recommender,200,True,False,https://github.com/M4riaLoureiro/ethical-travel-recommender,False,True
maangalabs/open-home,https://github.com/maangalabs/open-home,404,False,False,,True,True
machina-sports/sports-skills,https://github.com/machina-sports/sports-skills,200,True,False,https://github.com/machina-sports/sports-skills,False,True
manojrajgopal/ai-powered-personal-stylist-and-outfit-recommendation,https://github.com/manojrajgopal/ai-powered-personal-stylist-and-outfit-recommendation,200,True,False,https://github.com/manojrajgopal/ai-powered-personal-stylist-and-outfit-recommendation,False,True
manozpdel/AI-blog-writer,https://github.com/manozpdel/AI-blog-writer,200,True,False,https://github.com/manozpdel/AI-blog-writer,False,True
marlinprotocol/DeFi-AI-Agent,https://github.com/marlinprotocol/DeFi-AI-Agent,200,True,False,https://github.com/marlinprotocol/DeFi-AI-Agent,False,True
MasirJafri1/Customer-Support-Agent,https://github.com/MasirJafri1/Customer-Support-Agent,200,True,False,https://github.com/MasirJafri1/Customer-Support-Agent,True,True
mastra-ai/mastra,https://github.com/mastra-ai/mastra,200,True,False,https://github.com/mastra-ai/mastra,False,True
Max-Lee-explore/agentic-ai-translation-company,https://github.com/Max-Lee-explore/agentic-ai-translation-company,200,True,False,https://github.com/Max-Lee-explore/agentic-ai-translation-company,True,True
mcp-use/mcp-use,https://github.com/mcp-use/mcp-use,200,True,False,https://github.com/mcp-use/mcp-use,False,True
meabed/pr-commit-ai-agent,https://github.com/meabed/pr-commit-ai-agent,200,True,False,https://github.com/meabed/pr-commit-ai-agent,False,True
mem0ai/mem0,https://github.com/mem0ai/mem0,200,True,False,https://github.com/mem0ai/mem0,True,True
mgiannopoulos24/AI-Projects,https://github.com/mgiannopoulos24/AI-Projects,404,False,False,,False,True
mgiannopoulos24/Artificial-Intelligence,https://github.com/mgiannopoulos24/Artificial-Intelligence,200,True,False,https://github.com/mgiannopoulos24/Artificial-Intelligence,False,True
miami0x/HIM---DeFI-Agent,https://github.com/miami0x/HIM---DeFI-Agent,200,True,False,https://github.com/miami0x/HIM---DeFI-Agent,False,True
MiChaelinzo/LogiFlow-AI-Intelligent-Logistics-Management-Platform,https://github.com/MiChaelinzo/LogiFlow-AI-Intelligent-Logistics-Management-Platform,200,True,False,https://github.com/MiChaelinzo/LogiFlow-AI-Intelligent-Logistics-Management-Platform,False,True
microsoft/agent-framework,https://github.com/microsoft/agent-framework,200,True,False,https://github.com/microsoft/agent-framework,True,True
microsoft/Agent-Framework-Samples,https://github.com/microsoft/Agent-Framework-Samples,200,True,False,https://github.com/microsoft/Agent-Framework-Samples,True,True
microsoft/agent-governance-toolkit,https://github.com/microsoft/agent-governance-toolkit,200,True,False,https://github.com/microsoft/agent-governance-toolkit,True,True
microsoft/agentic-factory-hack,https://github.com/microsoft/agentic-factory-hack,200,True,False,https://github.com/microsoft/agentic-factory-hack,False,True
microsoft/agents,https://github.com/microsoft/agents,200,True,False,https://github.com/microsoft/agents,True,True
microsoft/Agents-for-net,https://github.com/microsoft/Agents-for-net,200,True,False,https://github.com/microsoft/Agents-for-net,True,True
microsoft/agentsleague,https://github.com/microsoft/agentsleague,200,True,False,https://github.com/microsoft/agentsleague,True,True
microsoft/ai-agents-for-beginners,https://github.com/microsoft/ai-agents-for-beginners,200,True,False,https://github.com/microsoft/ai-agents-for-beginners,True,True
microsoft/AI_Agents_Hackathon,https://github.com/microsoft/AI_Agents_Hackathon,200,True,False,https://github.com/microsoft/AI_Agents_Hackathon,True,True
microsoft/autogen,https://github.com/microsoft/autogen,200,True,False,https://github.com/microsoft/autogen,True,True
microsoft/Building-AI-Agents-From-Zero-To-Production,https://github.com/microsoft/Building-AI-Agents-From-Zero-To-Production,200,True,False,https://github.com/microsoft/Building-AI-Agents-From-Zero-To-Production,False,True
microsoft/claims-processing-hack,https://github.com/microsoft/claims-processing-hack,200,True,False,https://github.com/microsoft/claims-processing-hack,False,True
microsoft/customer-service-agent,https://github.com/microsoft/customer-service-agent,404,False,False,,True,True
microsoft/data-science-agent,https://github.com/microsoft/data-science-agent,404,False,False,,True,True
microsoft/FinEval,https://github.com/microsoft/FinEval,404,False,False,,True,True
microsoft/HealthAgents,https://github.com/microsoft/HealthAgents,404,False,False,,True,True
microsoft/Learn-Microsoft-Agent-Framework-with-Foundry-ZavaShop-Supply-Chain-Workshop,https://github.com/microsoft/Learn-Microsoft-Agent-Framework-with-Foundry-ZavaShop-Supply-Chain-Workshop,200,True,False,https://github.com/microsoft/Learn-Microsoft-Agent-Framework-with-Foundry-ZavaShop-Supply-Chain-Workshop,True,True
microsoft/muzic,https://github.com/microsoft/muzic,200,True,False,https://github.com/microsoft/muzic,True,True
microsoft/qlib,https://github.com/microsoft/qlib,200,True,False,https://github.com/microsoft/qlib,True,True
microsoft/rd-agent,https://github.com/microsoft/rd-agent,200,True,False,https://github.com/microsoft/rd-agent,False,True
microsoft/security-copilot,https://github.com/microsoft/security-copilot,404,False,False,,True,True
microsoft/semantic-kernel,https://github.com/microsoft/semantic-kernel,200,True,False,https://github.com/microsoft/semantic-kernel,True,True
microsoft/sre-agent,https://github.com/microsoft/sre-agent,200,True,False,https://github.com/microsoft/sre-agent,True,True
mila-iqia/climate-cooperation-competition,https://github.com/mila-iqia/climate-cooperation-competition,200,True,False,https://github.com/mila-iqia/climate-cooperation-competition,True,True
MinorJerry/WebVoyager,https://github.com/MinorJerry/WebVoyager,200,True,False,https://github.com/MinorJerry/WebVoyager,False,True
Mintplex-Labs/anything-llm,https://github.com/Mintplex-Labs/anything-llm,200,True,False,https://github.com/Mintplex-Labs/anything-llm,True,True
Mithoon278/End-To-End-Video-Summarizer-Agentic-AI,https://github.com/Mithoon278/End-To-End-Video-Summarizer-Agentic-AI,200,True,False,https://github.com/Mithoon278/End-To-End-Video-Summarizer-Agentic-AI,False,True
mjunaidca/appointment-agent,https://github.com/mjunaidca/appointment-agent,200,True,False,https://github.com/mjunaidca/appointment-agent,False,True
mlc-ai/web-llm,https://github.com/mlc-ai/web-llm,200,True,False,https://github.com/mlc-ai/web-llm,False,True
mmycin/weather-ai-agent,https://github.com/mmycin/weather-ai-agent,200,True,False,https://github.com/mmycin/weather-ai-agent,False,True
Mobile-Agent-v2/MobileAgent,https://github.com/Mobile-Agent-v2/MobileAgent,404,False,False,,True,True
modelscope/agentscope,https://github.com/modelscope/agentscope,200,True,True,https://github.com/agentscope-ai/agentscope,False,True
modular/max-agentic-cookbook,https://github.com/modular/max-agentic-cookbook,200,True,False,https://github.com/modular/max-agentic-cookbook,False,True
mohnishmsu962000/legal-research-ai-agent,https://github.com/mohnishmsu962000/legal-research-ai-agent,200,True,True,https://github.com/mohnishsunil/legal-research-ai-agent,False,True
mongodb-industry-solutions/Leafy-Predictive-Maintenance-Agents,https://github.com/mongodb-industry-solutions/Leafy-Predictive-Maintenance-Agents,200,True,False,https://github.com/mongodb-industry-solutions/Leafy-Predictive-Maintenance-Agents,False,True
mongodb-industry-solutions/multiagent-predictive-maintenance,https://github.com/mongodb-industry-solutions/multiagent-predictive-maintenance,200,True,False,https://github.com/mongodb-industry-solutions/multiagent-predictive-maintenance,False,True
MortadhaMannai/Tunisia-AI-Uni-Tour-2026,https://github.com/MortadhaMannai/Tunisia-AI-Uni-Tour-2026,404,False,False,,False,True
MortadhaMannai/Tunisia-AI-Uni-Tour-2026-Agentic-AI-Workflows-on-Google-Vertex-AI-Workshops-Series,https://github.com/MortadhaMannai/Tunisia-AI-Uni-Tour-2026-Agentic-AI-Workflows-on-Google-Vertex-AI-Workshops-Series,200,True,False,https://github.com/MortadhaMannai/Tunisia-AI-Uni-Tour-2026-Agentic-AI-Workflows-on-Google-Vertex-AI-Workshops-Series,False,True
Mosss-OS/webscout,https://github.com/Mosss-OS/webscout,200,True,False,https://github.com/Mosss-OS/webscout,False,True
mossydidar/AI-Fitness-Agent,https://github.com/mossydidar/AI-Fitness-Agent,200,True,False,https://github.com/mossydidar/AI-Fitness-Agent,False,True
msitarzewski/agency-agents,https://github.com/msitarzewski/agency-agents,200,True,False,https://github.com/msitarzewski/agency-agents,False,True
mukthanjali-data/sentinels-disaster-ai,https://github.com/mukthanjali-data/sentinels-disaster-ai,200,True,False,https://github.com/mukthanjali-data/sentinels-disaster-ai,False,True
murataslan1/ai-agent-benchmark,https://github.com/murataslan1/ai-agent-benchmark,200,True,False,https://github.com/murataslan1/ai-agent-benchmark,True,True
Naman009/MASala,https://github.com/Naman009/MASala,200,True,False,https://github.com/Naman009/MASala,False,True
nanobrowser/nanobrowser,https://github.com/nanobrowser/nanobrowser,200,True,False,https://github.com/nanobrowser/nanobrowser,False,True
nasa-jpl/rosa,https://github.com/nasa-jpl/rosa,200,True,False,https://github.com/nasa-jpl/rosa,False,True
NathanMaine/agentic-evaluation-sandbox,https://github.com/NathanMaine/agentic-evaluation-sandbox,200,True,False,https://github.com/NathanMaine/agentic-evaluation-sandbox,False,True
Navin1-11-04/Ecoagents,https://github.com/Navin1-11-04/Ecoagents,200,True,False,https://github.com/Navin1-11-04/Ecoagents,False,True
ncz-os/mnemos,https://github.com/ncz-os/mnemos,200,True,False,https://github.com/ncz-os/mnemos,False,True
netboxlabs/netbox-agent-compliance,https://github.com/netboxlabs/netbox-agent-compliance,200,True,False,https://github.com/netboxlabs/netbox-agent-compliance,False,True
Neubird-AI/Neubird,https://github.com/Neubird-AI/Neubird,404,False,False,,True,True
neural-maze/philoagents-course,https://github.com/neural-maze/philoagents-course,200,True,False,https://github.com/neural-maze/philoagents-course,True,True
newsroom/press-releases,https://github.com/newsroom/press-releases,200,True,False,https://github.com/newsroom/press-releases,False,True
nilayjain12/fake-news-agent,https://github.com/nilayjain12/fake-news-agent,200,True,False,https://github.com/nilayjain12/fake-news-agent,False,True
NirDiamant/GenAI_Agents,https://github.com/NirDiamant/GenAI_Agents,200,True,False,https://github.com/NirDiamant/GenAI_Agents,True,True
Nishchal-29/route-optimization-system,https://github.com/Nishchal-29/route-optimization-system,200,True,False,https://github.com/Nishchal-29/route-optimization-system,False,True
NousResearch/hermes-agent,https://github.com/NousResearch/hermes-agent,200,True,False,https://github.com/NousResearch/hermes-agent,True,True
noxgle/term_agent,https://github.com/noxgle/term_agent,200,True,False,https://github.com/noxgle/term_agent,False,True
NVIDIA/NeMo-Agent-Toolkit,https://github.com/NVIDIA/NeMo-Agent-Toolkit,200,True,False,https://github.com/NVIDIA/NeMo-Agent-Toolkit,True,True
nyukat/BIRADS_agent,https://github.com/nyukat/BIRADS_agent,404,False,False,,True,True
oguzhnatly/fleet,https://github.com/oguzhnatly/fleet,200,True,False,https://github.com/oguzhnatly/fleet,False,True
oleksandr-g-rock/ai-runner-coach,https://github.com/oleksandr-g-rock/ai-runner-coach,200,True,False,https://github.com/oleksandr-g-rock/ai-runner-coach,False,True
OneDuckyBoy/Awesome-AI-Agents-HUB-for-CrewAI,https://github.com/OneDuckyBoy/Awesome-AI-Agents-HUB-for-CrewAI,200,True,False,https://github.com/OneDuckyBoy/Awesome-AI-Agents-HUB-for-CrewAI,True,True
OoriData/Discord-AI-Agent,https://github.com/OoriData/Discord-AI-Agent,200,True,False,https://github.com/OoriData/Discord-AI-Agent,False,True
openai/openai-agents-js,https://github.com/openai/openai-agents-js,200,True,False,https://github.com/openai/openai-agents-js,True,True
openai/openai-agents-python,https://github.com/openai/openai-agents-python,200,True,False,https://github.com/openai/openai-agents-python,True,True
openai/openai-cs-agents-demo,https://github.com/openai/openai-cs-agents-demo,200,True,False,https://github.com/openai/openai-cs-agents-demo,True,True
openai/openai-realtime-agents,https://github.com/openai/openai-realtime-agents,200,True,False,https://github.com/openai/openai-realtime-agents,True,True
openai/openai-voice-agent-sdk-sample,https://github.com/openai/openai-voice-agent-sdk-sample,200,True,False,https://github.com/openai/openai-voice-agent-sdk-sample,True,True
openai/swarm,https://github.com/openai/swarm,200,True,False,https://github.com/openai/swarm,True,True
OpenBB-finance/OpenBB,https://github.com/OpenBB-finance/OpenBB,200,True,False,https://github.com/OpenBB-finance/OpenBB,True,True
OpenBMB/AgentVerse,https://github.com/OpenBMB/AgentVerse,200,True,False,https://github.com/OpenBMB/AgentVerse,True,True
OpenBMB/ChatDev,https://github.com/OpenBMB/ChatDev,200,True,False,https://github.com/OpenBMB/ChatDev,True,True
openclaw/skills,https://github.com/openclaw/skills,404,False,False,,False,True
opendedup/data-planning-agent,https://github.com/opendedup/data-planning-agent,200,True,False,https://github.com/opendedup/data-planning-agent,True,True
OpenEarthLab/EarthLink,https://github.com/OpenEarthLab/EarthLink,200,True,False,https://github.com/OpenEarthLab/EarthLink,False,True
OpenInterpreter/open-interpreter,https://github.com/OpenInterpreter/open-interpreter,200,True,True,https://github.com/openinterpreter/openinterpreter,True,True
openonion/email-agent,https://github.com/openonion/email-agent,200,True,False,https://github.com/openonion/email-agent,True,True
opentiny/tiny-agent,https://github.com/opentiny/tiny-agent,200,True,False,https://github.com/opentiny/tiny-agent,True,True
opsflowsh/agentfleet,https://github.com/opsflowsh/agentfleet,200,True,False,https://github.com/opsflowsh/agentfleet,False,True
OS-Copilot/OS-Copilot,https://github.com/OS-Copilot/OS-Copilot,200,True,False,https://github.com/OS-Copilot/OS-Copilot,False,True
OSU-NLP-Group/ScienceAgentBench,https://github.com/OSU-NLP-Group/ScienceAgentBench,200,True,False,https://github.com/OSU-NLP-Group/ScienceAgentBench,False,True
Pairrot-Lore/agent-solarpanels-tutorial,https://github.com/Pairrot-Lore/agent-solarpanels-tutorial,200,True,False,https://github.com/Pairrot-Lore/agent-solarpanels-tutorial,False,True
panaversity/learn-agentic-ai,https://github.com/panaversity/learn-agentic-ai,200,True,False,https://github.com/panaversity/learn-agentic-ai,False,True
Paparusi/legal-ai-agent,https://github.com/Paparusi/legal-ai-agent,200,True,False,https://github.com/Paparusi/legal-ai-agent,True,True
Parth-yangandul/Multi-Agent-Supply-Chain-Control-Tower,https://github.com/Parth-yangandul/Multi-Agent-Supply-Chain-Control-Tower,200,True,False,https://github.com/Parth-yangandul/Multi-Agent-Supply-Chain-Control-Tower,True,True
parthshr370/Email-AI-Agent,https://github.com/parthshr370/Email-AI-Agent,200,True,False,https://github.com/parthshr370/Email-AI-Agent,True,True
pguso/email-agent-core,https://github.com/pguso/email-agent-core,200,True,False,https://github.com/pguso/email-agent-core,False,True
philschmid/ai-agent-benchmark-compendium,https://github.com/philschmid/ai-agent-benchmark-compendium,200,True,False,https://github.com/philschmid/ai-agent-benchmark-compendium,True,True
pipecat-ai/pipecat,https://github.com/pipecat-ai/pipecat,200,True,False,https://github.com/pipecat-ai/pipecat,True,True
pisces76/translation-agent-UI,https://github.com/pisces76/translation-agent-UI,200,True,False,https://github.com/pisces76/translation-agent-UI,True,True
pramod-zillella/Agentic-Rag-Chatbot,https://github.com/pramod-zillella/Agentic-Rag-Chatbot,200,True,False,https://github.com/pramod-zillella/Agentic-Rag-Chatbot,False,True
prasadt1/ai-photography-coach-agents,https://github.com/prasadt1/ai-photography-coach-agents,200,True,False,https://github.com/prasadt1/ai-photography-coach-agents,False,True
presenton/presenton,https://github.com/presenton/presenton,200,True,False,https://github.com/presenton/presenton,False,True
proflead/how-to-build-ai-agent,https://github.com/proflead/how-to-build-ai-agent,200,True,False,https://github.com/proflead/how-to-build-ai-agent,False,True
ProjectProRepo/How-to-Build-an-AI-Agent-with-Pydantic-AI,https://github.com/ProjectProRepo/How-to-Build-an-AI-Agent-with-Pydantic-AI,200,True,False,https://github.com/ProjectProRepo/How-to-Build-an-AI-Agent-with-Pydantic-AI,True,True
punkpeye/awesome-mcp-servers,https://github.com/punkpeye/awesome-mcp-servers,200,True,False,https://github.com/punkpeye/awesome-mcp-servers,True,True
pydantic/pydantic-ai,https://github.com/pydantic/pydantic-ai,200,True,False,https://github.com/pydantic/pydantic-ai,True,True
pydantic/pydantic-ai-harness,https://github.com/pydantic/pydantic-ai-harness,200,True,False,https://github.com/pydantic/pydantic-ai-harness,True,True
pydantic/pydantic-ai-temporal-example,https://github.com/pydantic/pydantic-ai-temporal-example,200,True,False,https://github.com/pydantic/pydantic-ai-temporal-example,True,True
pyr0mind/AI-powered-PDF-agent-project,https://github.com/pyr0mind/AI-powered-PDF-agent-project,200,True,False,https://github.com/pyr0mind/AI-powered-PDF-agent-project,False,True
Qodo-Gen/pr-agent,https://github.com/Qodo-Gen/pr-agent,404,False,False,,True,True
Qredence/agentic-fleet,https://github.com/Qredence/agentic-fleet,200,True,False,https://github.com/Qredence/agentic-fleet,False,True
randall-liao/subtitle-agent,https://github.com/randall-liao/subtitle-agent,200,True,False,https://github.com/randall-liao/subtitle-agent,False,True
rasbt/mini-coding-agent,https://github.com/rasbt/mini-coding-agent,200,True,False,https://github.com/rasbt/mini-coding-agent,True,True
Ratnesh-181998/weather-mcp-a2a,https://github.com/Ratnesh-181998/weather-mcp-a2a,200,True,False,https://github.com/Ratnesh-181998/weather-mcp-a2a,False,True
raulvallejo/make-agent-firewall,https://github.com/raulvallejo/make-agent-firewall,200,True,False,https://github.com/raulvallejo/make-agent-firewall,False,True
Reason-Wang/ToolGen,https://github.com/Reason-Wang/ToolGen,200,True,False,https://github.com/Reason-Wang/ToolGen,False,True
redis-developer/ai-news-agent-lang-graph-js-redis-workshop,https://github.com/redis-developer/ai-news-agent-lang-graph-js-redis-workshop,200,True,False,https://github.com/redis-developer/ai-news-agent-lang-graph-js-redis-workshop,False,True
refly-ai/refly,https://github.com/refly-ai/refly,200,True,False,https://github.com/refly-ai/refly,True,True
rehabitus/ai-coaching-agent-skills,https://github.com/rehabitus/ai-coaching-agent-skills,200,True,False,https://github.com/rehabitus/ai-coaching-agent-skills,False,True
reneespinosa/Weather-AI-Agent,https://github.com/reneespinosa/Weather-AI-Agent,200,True,False,https://github.com/reneespinosa/Weather-AI-Agent,False,True
Replicable-MARL/MARLlib,https://github.com/Replicable-MARL/MARLlib,200,True,False,https://github.com/Replicable-MARL/MARLlib,False,True
ResearAI/Awesome-AI-Scientist,https://github.com/ResearAI/Awesome-AI-Scientist,200,True,False,https://github.com/ResearAI/Awesome-AI-Scientist,True,True
reworkd/AgentGPT,https://github.com/reworkd/AgentGPT,200,True,False,https://github.com/reworkd/AgentGPT,True,True
rinadelph/Agent-MCP,https://github.com/rinadelph/Agent-MCP,200,True,False,https://github.com/rinadelph/Agent-MCP,False,True
rkvalandas/browser_agent,https://github.com/rkvalandas/browser_agent,200,True,False,https://github.com/rkvalandas/browser_agent,True,True
ro-anderson/multi-agent-rag-customer-support,https://github.com/ro-anderson/multi-agent-rag-customer-support,200,True,False,https://github.com/ro-anderson/multi-agent-rag-customer-support,True,True
roblox/gwen-music,https://github.com/roblox/gwen-music,404,False,False,,True,True
robotics-agent/robotics-agent-hub,https://github.com/robotics-agent/robotics-agent-hub,404,False,False,,True,True
Rootly-AI-Labs/EventOrOutage,https://github.com/Rootly-AI-Labs/EventOrOutage,200,True,True,https://github.com/Rootly-AI-Labs/event-or-outage,False,True
rotemweiss57/gpt-newspaper,https://github.com/rotemweiss57/gpt-newspaper,200,True,False,https://github.com/rotemweiss57/gpt-newspaper,True,True
rucnyz/RedAgent,https://github.com/rucnyz/RedAgent,200,True,True,https://github.com/rucnyz/LeakAgent,False,True
rudrakshkarpe/gcp-agentic-day-hack,https://github.com/rudrakshkarpe/gcp-agentic-day-hack,200,True,False,https://github.com/rudrakshkarpe/gcp-agentic-day-hack,False,True
run-llama/llama_index,https://github.com/run-llama/llama_index,200,True,False,https://github.com/run-llama/llama_index,True,True
Rushabh-Runwal/Learning-AI-Agents,https://github.com/Rushabh-Runwal/Learning-AI-Agents,200,True,False,https://github.com/Rushabh-Runwal/Learning-AI-Agents,True,True
saadii5074/N8N-WhatsApp-automation,https://github.com/saadii5074/N8N-WhatsApp-automation,200,True,False,https://github.com/saadii5074/N8N-WhatsApp-automation,False,True
sadanand-singh/news-agent,https://github.com/sadanand-singh/news-agent,200,True,False,https://github.com/sadanand-singh/news-agent,True,True
sahiladit/sustainable-automation-ai-agent,https://github.com/sahiladit/sustainable-automation-ai-agent,200,True,False,https://github.com/sahiladit/sustainable-automation-ai-agent,False,True
sainathmitalakar/ai-devops-agent,https://github.com/sainathmitalakar/ai-devops-agent,200,True,False,https://github.com/sainathmitalakar/ai-devops-agent,False,True
SakanaAI/AI-Scientist,https://github.com/SakanaAI/AI-Scientist,200,True,False,https://github.com/SakanaAI/AI-Scientist,False,True
SakanaAI/CycleQD,https://github.com/SakanaAI/CycleQD,200,True,False,https://github.com/SakanaAI/CycleQD,False,True
SalesforceAIResearch/SlackAgents,https://github.com/SalesforceAIResearch/SlackAgents,200,True,False,https://github.com/SalesforceAIResearch/SlackAgents,False,True
SamJoeSilvano/Insurance-Agentic-AI,https://github.com/SamJoeSilvano/Insurance-Agentic-AI,200,True,False,https://github.com/SamJoeSilvano/Insurance-Agentic-AI,False,True
SamuelSchmidgall/AgentLaboratory,https://github.com/SamuelSchmidgall/AgentLaboratory,200,True,False,https://github.com/SamuelSchmidgall/AgentLaboratory,True,True
SamurAIGPT/Generative-Media-Skills,https://github.com/SamurAIGPT/Generative-Media-Skills,200,True,False,https://github.com/SamurAIGPT/Generative-Media-Skills,True,True
samwit/smolagents_examples,https://github.com/samwit/smolagents_examples,200,True,False,https://github.com/samwit/smolagents_examples,True,True
sanikasalunke/AI-Customer-Support-Agent,https://github.com/sanikasalunke/AI-Customer-Support-Agent,404,False,False,,True,True
SankaiAI/ats-optimized-resume-agent-skill,https://github.com/SankaiAI/ats-optimized-resume-agent-skill,200,True,False,https://github.com/SankaiAI/ats-optimized-resume-agent-skill,True,True
SAP-samples/teched2025-AI160,https://github.com/SAP-samples/teched2025-AI160,200,True,False,https://github.com/SAP-samples/teched2025-AI160,True,True
SAP-samples/teched2025-AI165,https://github.com/SAP-samples/teched2025-AI165,200,True,False,https://github.com/SAP-samples/teched2025-AI165,True,True
sap156/AI-Claims-Agent-LangGraph,https://github.com/sap156/AI-Claims-Agent-LangGraph,200,True,False,https://github.com/sap156/AI-Claims-Agent-LangGraph,False,True
saroshfarhan/AI_Agent,https://github.com/saroshfarhan/AI_Agent,200,True,False,https://github.com/saroshfarhan/AI_Agent,True,True
satyanshu404/AI-carbon-footprint-manager,https://github.com/satyanshu404/AI-carbon-footprint-manager,200,True,False,https://github.com/satyanshu404/AI-carbon-footprint-manager,False,True
SavTechSavvy/SmartWeather-agent-ai,https://github.com/SavTechSavvy/SmartWeather-agent-ai,200,True,False,https://github.com/SavTechSavvy/SmartWeather-agent-ai,False,True
sayeduzzaman-bracu/BusBuzz-AI-Agent,https://github.com/sayeduzzaman-bracu/BusBuzz-AI-Agent,200,True,False,https://github.com/sayeduzzaman-bracu/BusBuzz-AI-Agent,False,True
schwichtgit/ai-resume,https://github.com/schwichtgit/ai-resume,200,True,False,https://github.com/schwichtgit/ai-resume,True,True
SciPhi-AI/agent-search,https://github.com/SciPhi-AI/agent-search,200,True,False,https://github.com/SciPhi-AI/agent-search,False,True
ScrapingAgent/web-scraping-agent,https://github.com/ScrapingAgent/web-scraping-agent,404,False,False,,True,True
second-state/translation-agent,https://github.com/second-state/translation-agent,200,True,False,https://github.com/second-state/translation-agent,True,True
Selma-Bajramovic/ai-agent-flood-prediction,https://github.com/Selma-Bajramovic/ai-agent-flood-prediction,200,True,False,https://github.com/Selma-Bajramovic/ai-agent-flood-prediction,False,True
serpapi/travel-planning-agent,https://github.com/serpapi/travel-planning-agent,200,True,False,https://github.com/serpapi/travel-planning-agent,True,True
sgandotra1/censys-summarizer,https://github.com/sgandotra1/censys-summarizer,200,True,False,https://github.com/sgandotra1/censys-summarizer,False,True
shahbaz-dev1/whatsapp-ai-agent,https://github.com/shahbaz-dev1/whatsapp-ai-agent,200,True,False,https://github.com/shahbaz-dev1/whatsapp-ai-agent,False,True
Shantanu221/Fitness-advice-AI-agent-web-app,https://github.com/Shantanu221/Fitness-advice-AI-agent-web-app,200,True,False,https://github.com/Shantanu221/Fitness-advice-AI-agent-web-app,False,True
ShengranHu/ADAS,https://github.com/ShengranHu/ADAS,200,True,False,https://github.com/ShengranHu/ADAS,False,True
ShishirPatil/gorilla,https://github.com/ShishirPatil/gorilla,200,True,False,https://github.com/ShishirPatil/gorilla,False,True
Shivam-Shukl/Amazon-E-commerce-Agent,https://github.com/Shivam-Shukl/Amazon-E-commerce-Agent,404,False,False,,False,True
Shivam-Shukl/Amazon-E-commerce-Agent-RAG-Based-AI-Product-Recommender,https://github.com/Shivam-Shukl/Amazon-E-commerce-Agent-RAG-Based-AI-Product-Recommender,200,True,False,https://github.com/Shivam-Shukl/Amazon-E-commerce-Agent-RAG-Based-AI-Product-Recommender,False,True
Shubhamsaboo/awesome-llm-apps,https://github.com/Shubhamsaboo/awesome-llm-apps,200,True,False,https://github.com/Shubhamsaboo/awesome-llm-apps,True,True
Significant-Gravitas/AutoGPT,https://github.com/Significant-Gravitas/AutoGPT,200,True,False,https://github.com/Significant-Gravitas/AutoGPT,True,True
simealdana/ai-automation-jsons,https://github.com/simealdana/ai-automation-jsons,200,True,False,https://github.com/simealdana/ai-automation-jsons,False,True
simular-ai/agent-s,https://github.com/simular-ai/agent-s,200,True,False,https://github.com/simular-ai/agent-s,False,True
sinaptik-ai/pandas-ai,https://github.com/sinaptik-ai/pandas-ai,200,True,False,https://github.com/sinaptik-ai/pandas-ai,True,True
Skyvern-AI/skyvern,https://github.com/Skyvern-AI/skyvern,200,True,False,https://github.com/Skyvern-AI/skyvern,False,True
SlideSpeak/skills,https://github.com/SlideSpeak/skills,200,True,False,https://github.com/SlideSpeak/skills,False,True
sneurgaonkar/sales-ai-agents,https://github.com/sneurgaonkar/sales-ai-agents,200,True,False,https://github.com/sneurgaonkar/sales-ai-agents,False,True
souvikmajumder26/Multi-Agent-Medical-Assistant,https://github.com/souvikmajumder26/Multi-Agent-Medical-Assistant,200,True,False,https://github.com/souvikmajumder26/Multi-Agent-Medical-Assistant,True,True
sparkup/rag-assisted-chess-agent,https://github.com/sparkup/rag-assisted-chess-agent,200,True,False,https://github.com/sparkup/rag-assisted-chess-agent,False,True
spencermarx/open-code-review,https://github.com/spencermarx/open-code-review,200,True,False,https://github.com/spencermarx/open-code-review,False,True
Srinivasulu2003/langchain,https://github.com/Srinivasulu2003/langchain,200,True,False,https://github.com/Srinivasulu2003/langchain,False,True
sscodeai/agency-agents-ja,https://github.com/sscodeai/agency-agents-ja,200,True,False,https://github.com/sscodeai/agency-agents-ja,False,True
stablyai/agent-slack,https://github.com/stablyai/agent-slack,200,True,False,https://github.com/stablyai/agent-slack,False,True
stackblitz/bolt.new,https://github.com/stackblitz/bolt.new,200,True,False,https://github.com/stackblitz/bolt.new,False,True
stanford-futuredata/FinAgent,https://github.com/stanford-futuredata/FinAgent,404,False,False,,True,True
Stanford-ILIAD/PantheonRL,https://github.com/Stanford-ILIAD/PantheonRL,200,True,False,https://github.com/Stanford-ILIAD/PantheonRL,False,True
stephenc222/example-pydantic-ai-multi-modal,https://github.com/stephenc222/example-pydantic-ai-multi-modal,200,True,False,https://github.com/stephenc222/example-pydantic-ai-multi-modal,True,True
strands-agents/tools,https://github.com/strands-agents/tools,200,True,False,https://github.com/strands-agents/tools,False,True
StudentTraineeCenter/edu-agent,https://github.com/StudentTraineeCenter/edu-agent,200,True,False,https://github.com/StudentTraineeCenter/edu-agent,False,True
subtitlesdog/Subtitles.Translate.Agent,https://github.com/subtitlesdog/Subtitles.Translate.Agent,200,True,False,https://github.com/subtitlesdog/Subtitles.Translate.Agent,False,True
Sugi-Hcr/cancer-research-agent-2025,https://github.com/Sugi-Hcr/cancer-research-agent-2025,200,True,False,https://github.com/Sugi-Hcr/cancer-research-agent-2025,False,True
sujitnoronha/Disaster_Chat_Agent,https://github.com/sujitnoronha/Disaster_Chat_Agent,200,True,False,https://github.com/sujitnoronha/Disaster_Chat_Agent,False,True
superwise-ai/Legal_Document_Analyzer_AI,https://github.com/superwise-ai/Legal_Document_Analyzer_AI,200,True,False,https://github.com/superwise-ai/Legal_Document_Analyzer_AI,True,True
superwise-ai/Manufacturing_AI,https://github.com/superwise-ai/Manufacturing_AI,200,True,False,https://github.com/superwise-ai/Manufacturing_AI,False,True
swataswayam-14/FarmGenie,https://github.com/swataswayam-14/FarmGenie,200,True,False,https://github.com/swataswayam-14/FarmGenie,False,True
SWE-agent/mini-swe-agent,https://github.com/SWE-agent/mini-swe-agent,200,True,False,https://github.com/SWE-agent/mini-swe-agent,True,True
SWE-agent/minimal-agent-tutorial,https://github.com/SWE-agent/minimal-agent-tutorial,200,True,False,https://github.com/SWE-agent/minimal-agent-tutorial,False,True
SWE-agent/SWE-agent,https://github.com/SWE-agent/SWE-agent,200,True,False,https://github.com/SWE-agent/SWE-agent,True,True
SWE-agent/SWE-bench,https://github.com/SWE-agent/SWE-bench,404,False,False,,True,True
t41372/Open-LLM-VTuber,https://github.com/t41372/Open-LLM-VTuber,200,True,True,https://github.com/t41372/Open-LLM-VTuber-Lab,False,True
takahirom/arbigent,https://github.com/takahirom/arbigent,200,True,False,https://github.com/takahirom/arbigent,False,True
tanishra/Langchain,https://github.com/tanishra/Langchain,200,True,False,https://github.com/tanishra/Langchain,False,True
TauricResearch/TradingAgents,https://github.com/TauricResearch/TradingAgents,200,True,False,https://github.com/TauricResearch/TradingAgents,True,True
tayyabmughal676/Construction_AI_Agent,https://github.com/tayyabmughal676/Construction_AI_Agent,200,True,False,https://github.com/tayyabmughal676/Construction_AI_Agent,False,True
tellmefrankie/ai-investment-skills,https://github.com/tellmefrankie/ai-investment-skills,200,True,False,https://github.com/tellmefrankie/ai-investment-skills,False,True
temporal-community/openai-agents-demos,https://github.com/temporal-community/openai-agents-demos,200,True,False,https://github.com/temporal-community/openai-agents-demos,True,True
The-PR-Agent/pr-agent,https://github.com/The-PR-Agent/pr-agent,200,True,False,https://github.com/The-PR-Agent/pr-agent,True,True
The-Swarm-Corporation/NewsAgent,https://github.com/The-Swarm-Corporation/NewsAgent,200,True,False,https://github.com/The-Swarm-Corporation/NewsAgent,True,True
Themis-Legal/themis,https://github.com/Themis-Legal/themis,404,False,False,,True,True
THUDM/AgentBench,https://github.com/THUDM/AgentBench,200,True,False,https://github.com/THUDM/AgentBench,True,True
THUDM/AutoGLM,https://github.com/THUDM/AutoGLM,404,False,False,,False,True
tml-epfl/os-harm,https://github.com/tml-epfl/os-harm,200,True,False,https://github.com/tml-epfl/os-harm,False,True
Tomisin127/LogisticsRoute,https://github.com/Tomisin127/LogisticsRoute,200,True,False,https://github.com/Tomisin127/LogisticsRoute,False,True
topoteretes/cognee,https://github.com/topoteretes/cognee,200,True,False,https://github.com/topoteretes/cognee,False,True
Tracer-Cloud/opensre,https://github.com/Tracer-Cloud/opensre,200,True,False,https://github.com/Tracer-Cloud/opensre,True,True
TradingGoose/TradingGoose.github.io,https://github.com/TradingGoose/TradingGoose.github.io,200,True,False,https://github.com/TradingGoose/TradingGoose.github.io,True,True
triggerdotdev/trigger.dev,https://github.com/triggerdotdev/trigger.dev,200,True,False,https://github.com/triggerdotdev/trigger.dev,False,True
trujivan/Personalized-Real-Estate-Agent-AI,https://github.com/trujivan/Personalized-Real-Estate-Agent-AI,404,False,False,,True,True
trycua/cua,https://github.com/trycua/cua,200,True,False,https://github.com/trycua/cua,True,True
tryonlabs/opentryon,https://github.com/tryonlabs/opentryon,200,True,False,https://github.com/tryonlabs/opentryon,False,True
UMass-Foundation-Model/COMBO,https://github.com/UMass-Foundation-Model/COMBO,200,True,True,https://github.com/UMass-Embodied-AGI/COMBO,False,True
unionai-oss/ai-agent-template,https://github.com/unionai-oss/ai-agent-template,200,True,False,https://github.com/unionai-oss/ai-agent-template,False,True
Unity-Technologies/ml-agents,https://github.com/Unity-Technologies/ml-agents,200,True,False,https://github.com/Unity-Technologies/ml-agents,False,True
univa-agent/univa,https://github.com/univa-agent/univa,200,True,False,https://github.com/univa-agent/univa,True,True
untra/operator,https://github.com/untra/operator,200,True,False,https://github.com/untra/operator,True,True
vaibhavarora102/HRRecruitingAgent,https://github.com/vaibhavarora102/HRRecruitingAgent,200,True,False,https://github.com/vaibhavarora102/HRRecruitingAgent,True,True
varunk130/ai-legal-team-agent,https://github.com/varunk130/ai-legal-team-agent,200,True,False,https://github.com/varunk130/ai-legal-team-agent,False,True
vercel-labs/agent-browser,https://github.com/vercel-labs/agent-browser,200,True,False,https://github.com/vercel-labs/agent-browser,True,True
vercel-labs/ai-sdk-slackbot,https://github.com/vercel-labs/ai-sdk-slackbot,200,True,False,https://github.com/vercel-labs/ai-sdk-slackbot,False,True
vercel/v0,https://github.com/vercel/v0,404,False,False,,False,True
VersusControl/versus-incident,https://github.com/VersusControl/versus-incident,200,True,False,https://github.com/VersusControl/versus-incident,False,True
victorykop/blockchain-ai-agent-project,https://github.com/victorykop/blockchain-ai-agent-project,200,True,False,https://github.com/victorykop/blockchain-ai-agent-project,False,True
video-db/Director,https://github.com/video-db/Director,200,True,False,https://github.com/video-db/Director,True,True
virattt/financial-agent,https://github.com/virattt/financial-agent,200,True,False,https://github.com/virattt/financial-agent,True,True
Vivek17020/Ai-Driven-Wildfire-Detection-and-response-systemon,https://github.com/Vivek17020/Ai-Driven-Wildfire-Detection-and-response-systemon,200,True,False,https://github.com/Vivek17020/Ai-Driven-Wildfire-Detection-and-response-systemon,False,True
vizra-ai/claude-code-agents,https://github.com/vizra-ai/claude-code-agents,200,True,False,https://github.com/vizra-ai/claude-code-agents,True,True
VoltAgent/awesome-agent-skills,https://github.com/VoltAgent/awesome-agent-skills,200,True,False,https://github.com/VoltAgent/awesome-agent-skills,True,True
VoltAgent/awesome-claude-code-subagents,https://github.com/VoltAgent/awesome-claude-code-subagents,200,True,False,https://github.com/VoltAgent/awesome-claude-code-subagents,True,True
Vrajesh-Sharma/Blog-Agent,https://github.com/Vrajesh-Sharma/Blog-Agent,200,True,False,https://github.com/Vrajesh-Sharma/Blog-Agent,True,True
vstorm-co/pydantic-ai-examples,https://github.com/vstorm-co/pydantic-ai-examples,200,True,False,https://github.com/vstorm-co/pydantic-ai-examples,True,True
vstorm-co/pydantic-ai-todo,https://github.com/vstorm-co/pydantic-ai-todo,200,True,False,https://github.com/vstorm-co/pydantic-ai-todo,False,True
vstorm-co/pydantic-deepagents,https://github.com/vstorm-co/pydantic-deepagents,200,True,False,https://github.com/vstorm-co/pydantic-deepagents,True,True
vxcontrol/pentagi,https://github.com/vxcontrol/pentagi,200,True,False,https://github.com/vxcontrol/pentagi,True,True
wassengerhq/whatsapp-chatgpt-bot,https://github.com/wassengerhq/whatsapp-chatgpt-bot,200,True,False,https://github.com/wassengerhq/whatsapp-chatgpt-bot,False,True
web-arena-x/visualwebarena,https://github.com/web-arena-x/visualwebarena,200,True,False,https://github.com/web-arena-x/visualwebarena,False,True
webagent-cloud/webagent,https://github.com/webagent-cloud/webagent,200,True,False,https://github.com/webagent-cloud/webagent,True,True
webup/langgraph-up-react,https://github.com/webup/langgraph-up-react,200,True,False,https://github.com/webup/langgraph-up-react,True,True
WecoAI/aideml,https://github.com/WecoAI/aideml,200,True,False,https://github.com/WecoAI/aideml,False,True
widingmarcus-cyber/discord-agent-swarm,https://github.com/widingmarcus-cyber/discord-agent-swarm,200,True,False,https://github.com/widingmarcus-cyber/discord-agent-swarm,False,True
winni18/MC-DML,https://github.com/winni18/MC-DML,200,True,False,https://github.com/winni18/MC-DML,False,True
wkh923/m3pc,https://github.com/wkh923/m3pc,200,True,False,https://github.com/wkh923/m3pc,False,True
wrxck/AgentCraft,https://github.com/wrxck/AgentCraft,200,True,False,https://github.com/wrxck/AgentCraft,True,True
wsargent/recipellm,https://github.com/wsargent/recipellm,200,True,False,https://github.com/wsargent/recipellm,False,True
wzf2000/MACRec,https://github.com/wzf2000/MACRec,200,True,False,https://github.com/wzf2000/MACRec,True,True
xalgord/xalgorix,https://github.com/xalgord/xalgorix,200,True,False,https://github.com/xalgord/xalgorix,False,True
Xenaquas/Ecommerce-Agent,https://github.com/Xenaquas/Ecommerce-Agent,200,True,False,https://github.com/Xenaquas/Ecommerce-Agent,True,True
xlang-ai/AgentTrek,https://github.com/xlang-ai/AgentTrek,200,True,False,https://github.com/xlang-ai/AgentTrek,False,True
xyflow/parlant,https://github.com/xyflow/parlant,404,False,False,,False,True
Yash-Kavaiya/Devops-AI-Agents,https://github.com/Yash-Kavaiya/Devops-AI-Agents,200,True,False,https://github.com/Yash-Kavaiya/Devops-AI-Agents,False,True
yizucodes/interview-agent,https://github.com/yizucodes/interview-agent,200,True,False,https://github.com/yizucodes/interview-agent,False,True
youdotcom-oss/agent-skills,https://github.com/youdotcom-oss/agent-skills,200,True,False,https://github.com/youdotcom-oss/agent-skills,False,True
zchoi/Awesome-Embodied-Robotics-and-Agent,https://github.com/zchoi/Awesome-Embodied-Robotics-and-Agent,200,True,False,https://github.com/zchoi/Awesome-Embodied-Robotics-and-Agent,True,True
zen-apps/ai-fitness-planner,https://github.com/zen-apps/ai-fitness-planner,200,True,False,https://github.com/zen-apps/ai-fitness-planner,False,True
Zie619/n8n-workflows,https://github.com/Zie619/n8n-workflows,200,True,False,https://github.com/Zie619/n8n-workflows,False,True
zimingyou01/DatawiseAgent,https://github.com/zimingyou01/DatawiseAgent,200,True,False,https://github.com/zimingyou01/DatawiseAgent,False,True
ZJU-REAL/ClawGUI,https://github.com/ZJU-REAL/ClawGUI,200,True,False,https://github.com/ZJU-REAL/ClawGUI,False,True
zju-vipa/Odyssey,https://github.com/zju-vipa/Odyssey,200,True,False,https://github.com/zju-vipa/Odyssey,True,True
zubair-trabzada/ai-legal-claude,https://github.com/zubair-trabzada/ai-legal-claude,200,True,False,https://github.com/zubair-trabzada/ai-legal-claude,True,True
zychenpeng/openclaw-delivery-agent,https://github.com/zychenpeng/openclaw-delivery-agent,200,True,False,https://github.com/zychenpeng/openclaw-delivery-agent,False,True
